대,중,소
건강,건강보조,건강보조식품
건강,건강보조,산후조리원
건강,건강보조,안경
건강,건강보조,양약국
건강,건강보조,요양원
건강,건강보조,의료기기용품
건강,병원,기타외과
건강,병원,내과
건강,병원,방사선과
건강,병원,보건소
건강,병원,비뇨기과
건강,병원,산부인과_조산원
건강,병원,성형외과
건강,병원,안과
건강,병원,양방종합
건강,병원,양한방종합
건강,병원,이비인후과
건강,병원,치과
건강,병원,피부과
건강,병원,피부비뇨기과
건강,병원,한방종합
건강,병원,한의원
건강,뷰티,미용관리
건강,뷰티,미용실
건강,뷰티,이발소
교육,교육기타,교육기타
교육,서적,서적
교육,유아교육,유아교육
교육,학교,대학교
교육,학교,초_중_고등학교
교육,학교,특수학교
교육,학원,기능학원
교육,학원,문리계학원
교육,학원,예체능계학원
교육,학원,외국어학원
생활,가례,가례
생활,공과금,공공요금
생활,공과금,국세
생활,공과금,지방세
생활,보험,생명보험
생활,보험,손해보험
생활,인테리어,인테리어
생활,정기결제,4대보험
생활,정기결제,관리비
생활,정기결제,도시가스
생활,정기결제,전기
생활,정기결제,통신비
생활,주생활관리,주생활관리
쇼핑,가전,가전
쇼핑,마트/할인점,대형마트/할인점
쇼핑,마트/할인점,마트
쇼핑,면세점,면세점
쇼핑,문구사무용품,문구사무용품
쇼핑,백화점,백화점
쇼핑,상품권,상품권
쇼핑,쇼핑기타,방문판매
쇼핑,스포츠의류용품,스포츠의류용품
쇼핑,아울렛,아울렛
쇼핑,온라인쇼핑,PG_일반인증
쇼핑,온라인쇼핑,기타쇼핑몰
쇼핑,온라인쇼핑,오픈마켓
쇼핑,온라인쇼핑,종합몰
쇼핑,온라인쇼핑,홈쇼핑
쇼핑,의류,의류
쇼핑,자,주류판매점
쇼핑,패션잡화,패션잡화
쇼핑,편의점,연금_복지매장
쇼핑,편의점,편의점
쇼핑,화장품,미용용품
쇼핑,화장품,화장품
여가,골프장,골프장
여가,골프장,실내외골프연습장
여가,관람,관람_기타
여가,관람,영화
여가,놀이공원,놀이공원
여가,동물병원,동물병원
여가,스포츠시설,스포츠시설
여가,취미,취미시설
여가,취미,취미용품
여행,교통,고속도로휴게실
여행,교통,고속버스
여행,교통,렌터카
여행,교통,여객선
여행,교통,철도
여행,교통,항공
여행,숙박,여관
여행,숙박,캠프장
여행,숙박,콘도
여행,숙박,호텔
여행,여행상품,관광여행사
요식,배달앱,배달앱
요식,배달앱,배달앱
요식,음식점,간이음식점
요식,음식점,부페
요식,음식점,양식
요식,음식점,일식
요식,음식점,주점
요식,음식점,중식
요식,음식점,패스트푸드점
요식,음식점,한식
요식,제과점,제과점_아이스크림점
요식,커피/음료,커피/음료
유흥,유흥,유흥
자동차,대중교통,버스/지하철
자동차,대중교통,택시
자동차,대중교통,통행료
자동차,주유,주유
자동차,주차,주차장
자동차,차량관리,차량관리
자동차,차량구매,국산차
자동차,차량구매,수입차
자동차,차량구매,오토바이
자동차,차량구매,중고차
